Date,Open,High,Low,Close,Volume,Dividends,Stock Splits,EMA20,EMA50,SMA200,RSI,BB_middle,BB_std,BB_upper,BB_lower,TR,ATR
2024-06-26 00:00:00-04:00,186.5399932861328,197.75999450683594,186.36000061035156,196.3699951171875,95737100,0.0,0.0,196.3699951171875,196.3699951171875,,,,,,,,
2024-06-27 00:00:00-04:00,195.1699981689453,198.72000122070312,194.0500030517578,197.4199981689453,72746500,0.0,0.0,196.4699954078311,196.4111717074525,,,,,,,4.6699981689453125,
2024-06-28 00:00:00-04:00,199.5500030517578,203.1999969482422,195.25999450683594,197.8800048828125,95438100,0.0,0.0,196.604282024496,196.46877300844702,,,,,,,7.94000244140625,
2024-07-01 00:00:00-04:00,201.02000427246094,213.22999572753906,200.85000610351562,209.86000061035156,135691400,0.0,0.0,197.8667314136251,196.99391918891388,,,,,,,15.349990844726562,
2024-07-02 00:00:00-04:00,218.88999938964844,231.3000030517578,218.05999755859375,231.25999450683594,205047900,0.0,0.0,201.04704218440708,198.33768684844023,,,,,,,21.44000244140625,
2024-07-03 00:00:00-04:00,234.55999755859375,248.35000610351562,234.25,246.38999938964844,166561500,0.0,0.0,205.3654190610967,200.22209126182096,,,,,,,17.090011596679688,
2024-07-05 00:00:00-04:00,249.80999755859375,252.3699951171875,242.4600067138672,251.52000427246094,154501200,0.0,0.0,209.7610938431314,202.23377412498334,,,,,,,9.909988403320312,
2024-07-08 00:00:00-04:00,247.7100067138672,259.44000244140625,244.57000732421875,252.94000244140625,157219600,0.0,0.0,213.8733708524909,204.22225366680385,,,,,,,14.8699951171875,
2024-07-09 00:00:00-04:00,251.0,265.6099853515625,250.3000030517578,262.3299865722656,160210900,0.0,0.0,218.48828663532657,206.50098829054744,,,,,,,15.309982299804688,
2024-07-10 00:00:00-04:00,262.79998779296875,267.5899963378906,257.8599853515625,263.260009765625,128519400,0.0,0.0,222.75226026678357,208.72683226996227,,,,,,,9.730010986328125,
2024-07-11 00:00:00-04:00,263.29998779296875,271.0,239.64999389648438,241.02999877929688,221707300,0.0,0.0,224.4929972679753,209.99362311346562,,,,,,,31.350006103515625,
2024-07-12 00:00:00-04:00,235.8000030517578,251.83999633789062,233.08999633789062,248.22999572753906,155955800,0.0,0.0,226.75366378793376,211.49308870617438,,,,,,,18.75,
2024-07-15 00:00:00-04:00,255.97000122070312,265.6000061035156,251.72999572753906,252.63999938964844,146912900,0.0,0.0,229.21902908333516,213.1066930467028,,,,,,,17.370010375976562,
2024-07-16 00:00:00-04:00,255.30999755859375,258.6199951171875,245.8000030517578,256.55999755859375,126332500,0.0,0.0,231.8229308428836,214.81074420403183,,78.75775843264788,,,,,12.819992065429688,
2024-07-17 00:00:00-04:00,252.72999572753906,258.4700012207031,246.17999267578125,248.5,115584800,0.0,0.0,233.41122314356136,216.13189149014823,,73.12571853435509,,,,,12.290008544921875,14.920714242117745
2024-07-18 00:00:00-04:00,251.08999633789062,257.1400146484375,247.1999969482422,249.22999572753906,110869000,0.0,0.0,234.91777291346398,217.4298563622028,,73.04919957553989,,,,,9.940017700195312,15.297144208635602
2024-07-19 00:00:00-04:00,247.7899932861328,249.44000244140625,236.8300018310547,239.1999969482422,87403900,0.0,0.0,235.32560377391903,218.2835873655769,,66.93997613593584,,,,,12.610000610351562,15.630715506417411
2024-07-22 00:00:00-04:00,244.2100067138672,253.2100067138672,243.75,251.50999450683594,101225400,0.0,0.0,236.86697431991112,219.58658372405765,,67.02918921670724,,,,,14.010009765625,15.53500257219587
2024-07-23 00:00:00-04:00,253.60000610351562,255.75999450683594,245.6300048828125,246.3800048828125,111928200,0.0,0.0,237.77297723066363,220.6373061224402,,57.13073465698022,,,,,10.129989624023438,14.727144513811384
2024-07-24 00:00:00-04:00,225.4199981689453,225.99000549316406,214.7100067138672,215.99000549316406,167942900,0.0,0.0,235.6984084937589,220.4550590389392,,37.46702085980157,237.92499923706055,21.98158212778897,281.88816349263845,193.9618349814826,31.669998168945312,15.768572126116071
2024-07-25 00:00:00-04:00,216.8000030517578,226.0,216.22999572753906,220.25,100636500,0.0,0.0,234.2271314943533,220.4470175080004,,37.015195048553515,239.11899948120117,20.18034948701226,279.4796984552257,198.75830050717664,10.009994506835938,15.77571541922433
2024-07-26 00:00:00-04:00,221.19000244140625,222.27999877929688,215.3300018310547,219.8000030517578,94604100,0.0,0.0,232.85311926172514,220.42164439206934,,36.12692441980121,240.2379997253418,18.277189241200947,276.7923782077437,203.68362124293992,6.9499969482421875,15.210001264299665
2024-07-29 00:00:00-04:00,224.89999389648438,234.27000427246094,224.6999969482422,232.10000610351562,129201800,0.0,0.0,232.78139419903852,220.87961936114567,,37.64610585994839,241.94899978637696,15.492840576667493,272.93468093971194,210.96331863304198,14.470001220703125,15.150002615792411
2024-07-30 00:00:00-04:00,232.25,232.41000366210938,220.0,222.6199951171875,100560300,0.0,0.0,231.8136419055289,220.94786939079438,,34.47669345172943,242.58699951171874,14.320209778562173,271.2274190688431,213.9465799545944,12.410003662109375,15.3414306640625
2024-07-31 00:00:00-04:00,227.89999389648438,234.67999267578125,226.7899932861328,232.07000732421875,67497000,0.0,0.0,231.83805765968984,221.3840316626934,,46.20725032785987,242.62750015258788,14.287596811278776,271.20269377514546,214.05230653003034,12.05999755859375,13.963572910853795
2024-08-01 00:00:00-04:00,227.69000244140625,231.8699951171875,214.3300018310547,216.86000061035156,83861900,0.0,0.0,230.4115760359433,221.20661868024862,,37.5644200813544,241.15100021362304,15.363626937718855,271.87825408906076,210.4237463381853,17.740005493164062,13.891430446079799
2024-08-02 00:00:00-04:00,214.8800048828125,216.1300048828125,205.77999877929688,207.6699981689453,82880100,0.0,0.0,228.2457114771816,220.67577081706025,,32.8240776248182,238.95849990844727,16.861821906191395,272.68214372083,205.23485609606448,11.080001831054688,13.442144121442523
2024-08-05 00:00:00-04:00,185.22000122070312,203.8800048828125,182.0,198.8800048828125,100308800,0.0,0.0,225.4489775158131,219.82103489807014,,28.75976093889315,236.25550003051757,18.731873913009924,273.71924785653744,198.79175220449773,25.669998168945312,14.360001700265068
2024-08-06 00:00:00-04:00,200.75,202.89999389648438,192.6699981689453,200.63999938964844,73783900,0.0,0.0,223.08621769427364,219.06883742715164,,31.518380371643687,233.1710006713867,19.28331869384507,271.73763805907686,194.60436328369656,10.229995727539062,14.212857927594866
2024-08-07 00:00:00-04:00,200.77000427246094,203.49000549316406,191.47999572753906,191.75999450683594,71159800,0.0,0.0,220.1027678668986,217.99790241066867,,29.121558097147144,229.59599990844725,20.02497331794851,269.64594654434427,189.54605327255024,12.010009765625,14.360714503696986
2024-08-08 00:00:00-04:00,195.6999969482422,200.6999969482422,192.0399932861328,198.83999633789062,65033900,0.0,0.0,218.07774200699308,217.2466119764421,,35.01633567249303,227.48649978637695,20.95758521327208,269.4016702129211,185.5713293598328,8.94000244140625,14.09857177734375
2024-08-09 00:00:00-04:00,197.0500030517578,200.8800048828125,195.11000061035156,200.0,58648300,0.0,0.0,216.35605229204134,216.57027425187576,,29.150818160291507,225.075,21.218283580206567,267.5115671604131,182.63843283958687,5.7700042724609375,13.50999995640346
2024-08-12 00:00:00-04:00,199.02000427246094,199.25999450683594,194.6699981689453,197.49000549316406,64044900,0.0,0.0,214.5592859302435,215.8220284182008,,29.782486254661336,222.31750030517577,21.03020664983802,264.3779136048518,180.25708700549973,5.3300018310546875,13.16714368547712
2024-08-13 00:00:00-04:00,198.47000122070312,208.49000549316406,197.05999755859375,207.8300018310547,76247400,0.0,0.0,213.91840173032077,215.50861561086174,,45.954787637205776,219.88100051879883,19.63044173655047,259.14188399189976,180.6201170456979,11.430007934570312,11.721430097307477
2024-08-14 00:00:00-04:00,207.38999938964844,208.44000244140625,198.75,201.3800048828125,70250000,0.0,0.0,212.72426869722474,214.9545524450559,,40.84425435989651,217.52500076293944,18.82601171377342,255.1770241904863,179.8729773353926,9.69000244140625,11.698573521205358
2024-08-15 00:00:00-04:00,205.02000427246094,215.8800048828125,204.82000732421875,214.13999938964844,89848500,0.0,0.0,212.85910019174128,214.9226091879811,,47.546808736343344,215.77050094604493,17.288027132181416,250.34655521040776,181.1944466816821,14.5,12.237859453473773
2024-08-16 00:00:00-04:00,211.14999389648438,219.8000030517578,210.8000030517578,216.1199951171875,88765100,0.0,0.0,213.16966161321236,214.9695654989304,,42.39336934198075,214.6165008544922,16.38868078466351,247.3938624238192,181.83913928516517,9.0,11.847145080566406
2024-08-19 00:00:00-04:00,217.07000732421875,222.97999572753906,214.08999633789062,222.72000122070312,76435200,0.0,0.0,214.07921776630673,215.27350415468618,,50.048945820247994,213.17700119018554,14.079253041657182,241.3355072734999,185.01849510687117,8.889999389648438,11.595716203962054
2024-08-20 00:00:00-04:00,224.8800048828125,228.22000122070312,219.55999755859375,221.10000610351562,74001200,0.0,0.0,214.7478642746123,215.5019944271893,,44.185305426552205,211.9130012512207,11.909002772646707,235.7310067965141,188.0949957059273,8.660003662109375,11.352859497070312
2024-08-21 00:00:00-04:00,222.6699981689453,224.66000366210938,218.86000061035156,223.27000427246094,70146000,0.0,0.0,215.5594966553598,215.80662226425875,,53.9426776938931,212.27700119018556,12.149013883880151,236.57502895794585,187.97897342242527,5.8000030517578125,10.500002179827009
2024-08-22 00:00:00-04:00,223.82000732421875,224.8000030517578,210.32000732421875,210.66000366210938,79514500,0.0,0.0,215.09287827505025,215.6047940837823,,51.76484850275229,211.79750137329103,12.006182175424202,235.80986572413943,187.78513702244263,14.479995727539062,10.74285888671875
2024-08-23 00:00:00-04:00,214.4600067138672,221.47999572753906,214.2100067138672,220.32000732421875,81525200,0.0,0.0,215.59070008925676,215.7897044069367,,62.52629458132822,211.82350158691406,12.0249725954553,235.87344677782465,187.77355639600347,10.819992065429688,9.682144165039062
2024-08-26 00:00:00-04:00,218.75,219.08999633789062,211.00999450683594,213.2100067138672,59301200,0.0,0.0,215.3639673868387,215.6885397915222,,56.911914844774145,210.87900161743164,11.050943064581512,232.98088774659468,188.7771154882686,9.310012817382812,9.616431100027901
2024-08-27 00:00:00-04:00,213.25,215.66000366210938,206.94000244140625,209.2100067138672,62821400,0.0,0.0,214.77787589417477,215.43447967082983,,60.13946233729571,210.20850219726563,10.70240193378589,231.61330606483742,188.80369832969384,8.720001220703125,9.381430489676339
2024-08-28 00:00:00-04:00,209.72000122070312,211.83999633789062,202.58999633789062,205.75,64116400,0.0,0.0,213.91807818996764,215.0546961543267,,54.19143775087318,208.8925018310547,9.413323234548292,227.71914830015126,190.0658553619581,9.25,9.403573172433036
2024-08-29 00:00:00-04:00,209.8000030517578,214.88999938964844,205.97000122070312,206.27999877929688,62308800,0.0,0.0,213.19064205561804,214.71059037491378,,53.83863063353457,208.36350173950194,9.237651061377864,226.83880386225766,189.88819961674622,9.139999389648438,9.644287109375
2024-08-30 00:00:00-04:00,208.6300048828125,214.57000732421875,207.02999877929688,214.11000061035156,63370600,0.0,0.0,213.27820001321172,214.68703783512703,,59.538565225371904,208.68550186157228,9.324041833097727,227.33358552776772,190.03741819537683,8.290008544921875,9.855716160365514
2024-09-03 00:00:00-04:00,215.25999450683594,219.89999389648438,209.63999938964844,210.60000610351562,76714200,0.0,0.0,213.023133926574,214.5267620809462,,51.72499969117531,209.27150192260743,9.039291425604294,227.350084773816,191.19291907139885,10.259994506835938,9.772143772670201
2024-09-04 00:00:00-04:00,210.58999633789062,222.22000122070312,210.57000732421875,219.41000366210938,80651800,0.0,0.0,213.6314072347202,214.71826175079576,,60.90744108334641,210.21000213623046,9.07030356536348,228.3506092669574,192.0693950055035,11.649993896484375,9.912143162318639
2024-09-05 00:00:00-04:00,223.49000549316406,235.0,222.25,230.1699981689453,119355000,0.0,0.0,215.20651113321784,215.32421219856633,,59.938003715084996,212.13050231933593,9.024440410189566,230.17938313971507,194.0816214989568,15.589996337890625,9.99000004359654
2024-09-06 00:00:00-04:00,232.60000610351562,233.60000610351562,210.50999450683594,210.72999572753906,112177000,0.0,0.0,214.780176332677,215.14404684676134,,47.2530836020198,212.72500228881836,8.477913207799768,229.6808287044179,195.7691758732188,23.090011596679688,10.996429443359375
2024-09-09 00:00:00-04:00,216.1999969482422,219.8699951171875,213.6699981689453,216.27000427246094,67443500,0.0,0.0,214.92206470789452,215.18820203992604,,46.67697231044787,213.53850250244142,7.957224253810055,229.45295101006153,197.6240539948213,9.139999389648438,11.014286586216517
2024-09-10 00:00:00-04:00,220.07000732421875,226.39999389648438,218.63999938964844,226.1699981689453,78891100,0.0,0.0,215.99329646608984,215.61886071165227,,52.40671792333288,214.97250213623047,7.4829781089624925,229.93845835415547,200.00654591830548,10.129989624023438,11.119285583496094
2024-09-11 00:00:00-04:00,224.5500030517578,228.47000122070312,216.8000030517578,228.1300048828125,83548600,0.0,0.0,217.14917345815866,216.10949381640367,,52.3116438977551,215.98750228881835,7.831798637023705,231.65109956286577,200.32390501477093,11.669998168945312,11.538570949009486
2024-09-12 00:00:00-04:00,224.66000366210938,231.4499969482422,223.8300018310547,229.80999755859375,72020000,0.0,0.0,218.35496622962867,216.64676847296016,,60.16561917407169,217.40900192260742,7.61809997988204,232.6452018823715,202.17280196284332,7.6199951171875,11.048570905412946
2024-09-13 00:00:00-04:00,228.0,232.6699981689453,226.32000732421875,230.2899932861328,59515100,0.0,0.0,219.49163547310525,217.18179689700617,,55.864008120311276,218.21650161743165,8.09439684229321,234.40529530201806,202.02770793284523,6.3499908447265625,10.729285103934151
2024-09-16 00:00:00-04:00,229.3000030517578,229.9600067138672,223.52999877929688,226.77999877929688,54323000,0.0,0.0,220.18576531179016,217.5581969708215,,58.334353272599316,218.7495018005371,8.297502175835495,235.34450615220808,202.15449744886612,6.7599945068359375,10.547140938895089
2024-09-17 00:00:00-04:00,229.4499969482422,234.57000732421875,226.5500030517578,227.8699951171875,66761600,0.0,0.0,220.917596721828,217.96258121185548,,61.885345242318365,219.00700149536132,8.504533514354307,236.01606852406994,201.9979344666527,8.020004272460938,10.49714115687779
2024-09-18 00:00:00-04:00,230.08999633789062,235.67999267578125,226.8800048828125,227.1999969482422,78010200,0.0,0.0,221.51592055291508,218.32483280936086,,64.16589862122659,219.31200103759767,8.690886719415744,236.69377447642916,201.93022759876618,8.79998779296875,10.46499742780413
2024-09-19 00:00:00-04:00,234.0,244.24000549316406,232.1300048828125,243.9199981689453,102694600,0.0,0.0,223.64964223063222,219.32856478424654,,70.47878571225769,220.34450073242186,10.269180637220979,240.88286200686383,199.8061394579799,17.040008544921875,11.029283796037946
2024-09-20 00:00:00-04:00,241.52000427246094,243.99000549316406,235.9199981689453,238.25,99879100,0.0,0.0,225.04015249438152,220.070581851531,,63.44996998061109,221.7240005493164,10.742004061424936,243.20800867216627,200.23999242646653,8.07000732421875,11.01356942313058
2024-09-23 00:00:00-04:00,242.61000061035156,250.0,241.9199981689453,250.0,86927200,0.0,0.0,227.41728082824994,221.24428452401997,,70.1061450043107,223.20800018310547,12.451882596101791,248.11176537530906,198.30423499090188,11.75,11.119998386928014
2024-09-24 00:00:00-04:00,254.0800018310547,257.19000244140625,249.0500030517578,254.27000427246094,88491000,0.0,0.0,229.97468306103195,222.53941078866472,,68.65368439221952,225.26100006103516,14.004755354438078,253.2705107699113,197.251489352159,8.139999389648438,10.869284493582589
2024-09-25 00:00:00-04:00,252.5399932861328,257.04998779296875,252.27999877929688,257.0199890136719,65034300,0.0,0.0,232.55042648509288,223.89159032690029,,65.71461895258915,227.6514991760254,15.154015534718107,257.9595302454616,197.34346810658917,4.769989013671875,10.096426827566964
2024-09-26 00:00:00-04:00,260.6000061035156,261.75,251.52999877929688,254.22000122070312,67142200,0.0,0.0,234.61419550753195,225.0809397737161,,81.61072033102208,230.07499923706055,15.341690933920695,260.75838110490196,199.39161736921915,10.220001220703125,9.177140372140068
2024-09-27 00:00:00-04:00,257.3800048828125,260.70001220703125,254.1199951171875,260.4599914550781,70988100,0.0,0.0,237.07569988348874,226.46835356514208,,81.79595805355754,232.78399887084962,15.698230303400754,264.18045947765114,201.38753826404812,6.58001708984375,8.994284493582589
2024-09-30 00:00:00-04:00,259.0400085449219,264.8599853515625,255.77000427246094,261.6300048828125,80705700,0.0,0.0,239.4142051215196,227.84724185210956,,79.18040464946327,235.15999908447264,16.307441907914274,267.7748829003012,202.5451152686441,9.089981079101562,8.919998168945312
2024-10-01 00:00:00-04:00,262.6700134277344,263.9800109863281,248.52999877929688,258.0199890136719,87397600,0.0,0.0,241.1861845398198,229.0304868388375,,73.9464805261485,237.53099822998047,15.992882817379874,269.5167638647402,205.5452325952207,15.45001220703125,9.189999171665736
2024-10-02 00:00:00-04:00,247.5500030517578,251.16000366210938,241.5,249.02000427246094,93983900,0.0,0.0,241.93226260959514,229.81438948329335,,63.77457070000304,239.01149826049806,15.592614520826231,270.1967273021505,207.8262692188456,16.519989013671875,9.82571302141462
2024-10-03 00:00:00-04:00,244.47999572753906,249.7899932861328,237.80999755859375,240.66000366210938,80729200,0.0,0.0,241.81109509078698,230.2397076863842,,56.680849357099646,239.53599853515624,15.455379509267836,270.4467575536919,208.62523951662058,11.979995727539062,10.227856227329799
2024-10-04 00:00:00-04:00,246.69000244140625,250.9600067138672,244.5800018310547,250.0800018310547,86573200,0.0,0.0,242.59861001843151,231.0177584371556,,63.9487609994583,241.50349884033204,14.034685263507482,269.572869367347,213.43412831331707,10.300003051757812,10.480713980538505
2024-10-07 00:00:00-04:00,249.0,249.8300018310547,240.6999969482422,240.8300018310547,68113300,0.0,0.0,242.43017114344323,231.4025522957399,,57.06806822983856,242.73149871826172,12.723869186812866,268.17923709188744,217.283760344636,9.3800048828125,10.577856881277901
2024-10-08 00:00:00-04:00,243.55999755859375,246.2100067138672,240.55999755859375,244.5,56303200,0.0,0.0,242.62729770121052,231.91617769590698,,59.13604096860135,243.64799880981445,12.113682873775367,267.8753645573652,219.42063306226373,5.6500091552734375,10.352858407156807
2024-10-09 00:00:00-04:00,243.82000732421875,247.42999267578125,239.50999450683594,241.0500030517578,66289500,0.0,0.0,242.47707916316742,232.2743669255482,,48.23731970031961,244.29399871826172,11.575109574035668,267.4442178663331,221.1437795701904,7.9199981689453125,9.701429094587054
2024-10-10 00:00:00-04:00,241.80999755859375,242.7899932861328,232.33999633789062,238.77000427246094,83087100,0.0,0.0,242.12402441167154,232.52909780189773,,50.333250735314685,244.74199905395508,11.150629461571501,267.0432579770981,222.4407401308121,10.449996948242188,9.87142835344587
2024-10-11 00:00:00-04:00,220.1300048828125,223.33999633789062,214.3800048828125,217.8000030517578,142628900,0.0,0.0,239.8074509488226,231.95148624306873,,31.545159224739947,244.11749954223632,12.293782971941043,268.70506548611843,219.52993359835423,24.389999389648438,10.774285452706474
2024-10-14 00:00:00-04:00,220.1300048828125,221.91000366210938,213.74000549316406,219.16000366210938,86291900,0.0,0.0,237.84102739770705,231.449859475188,,29.1829642157481,243.73649978637695,12.959429298441735,269.6553583832604,217.8176411894935,8.169998168945312,10.77642822265625
2024-10-15 00:00:00-04:00,220.00999450683594,224.25999450683594,217.1199951171875,219.57000732421875,62988800,0.0,0.0,236.10093024785104,230.98398292024802,,27.161857452111335,243.3215003967285,13.610789537257517,270.5430794712436,216.09992132221348,7.1399993896484375,10.945714678083148
2024-10-16 00:00:00-04:00,221.39999389648438,222.82000732421875,218.92999267578125,221.3300018310547,49632800,0.0,0.0,234.6941751605371,230.60539542655417,,29.684990346153043,243.02800064086915,14.033453523847074,271.0949076885633,214.961093593175,3.8900146484375,10.493572780064174
2024-10-17 00:00:00-04:00,221.58999633789062,222.0800018310547,217.89999389648438,220.88999938964844,50791800,0.0,0.0,233.3794917537858,230.22439950353828,,23.67266317714548,241.8765007019043,14.875969558731411,271.6284398193671,212.12456158444147,4.1800079345703125,10.3221435546875
2024-10-18 00:00:00-04:00,220.7100067138672,222.27999877929688,219.22999572753906,220.6999969482422,49611900,0.0,0.0,232.1719208199245,229.85089352097765,,22.407975633665615,240.9990005493164,15.60109242036373,272.20118539004386,209.79681570858895,3.0500030517578125,9.890716552734375
2024-10-21 00:00:00-04:00,218.89999389648438,220.47999572753906,215.72999572753906,218.85000610351562,47329000,0.0,0.0,230.9031670374094,229.41948617127326,,22.95263262149507,239.44150085449218,16.19865404955679,271.83880895360574,207.0441927553786,4.970001220703125,9.142144339425224
2024-10-22 00:00:00-04:00,217.30999755859375,218.22000122070312,215.25999450683594,217.97000122070312,43268700,0.0,0.0,229.67143695962784,228.97048676144698,,25.85160499740229,237.6265007019043,16.48091039123818,270.58832148438063,204.66467991942793,3.5900115966796875,8.218574523925781
2024-10-23 00:00:00-04:00,217.1300048828125,218.72000122070312,212.11000061035156,213.64999389648438,80938900,0.0,0.0,228.14558523932848,228.36968311968374,,27.58505413641079,235.45800094604493,16.647277958343842,268.7525568627326,202.16344502935726,6.6100006103515625,7.8350034441266745
2024-10-24 00:00:00-04:00,244.67999267578125,262.1199951171875,242.64999389648438,260.4800109863281,204491900,0.0,0.0,231.22505435809035,229.62891166347373,,55.32459919124996,235.77100143432617,17.072036771561372,269.9150749774489,201.62692789120342,48.470001220703125,10.561431884765625
2024-10-25 00:00:00-04:00,256.010009765625,269.489990234375,255.32000732421875,269.19000244140625,161611900,0.0,0.0,234.84076369935852,231.18032698809856,,64.60049298829495,236.20750198364257,17.831236779339747,271.8699755423221,200.54502842496308,14.16998291015625,10.903573172433036
2024-10-28 00:00:00-04:00,270.0,273.5400085449219,262.239990234375,262.510009765625,107653600,0.0,0.0,237.47592999138388,232.40894199898196,,58.993313136608286,236.2515022277832,17.898230783001324,272.0479637937858,200.45504066178054,11.300018310546875,11.307145254952568
2024-10-29 00:00:00-04:00,264.510009765625,264.9800109863281,255.50999450683594,259.5199890136719,80521800,0.0,0.0,239.57536418398274,233.47212031328354,,59.265566693075215,236.3265022277832,17.997119065397243,272.3207403585777,200.33226409698872,9.470016479492188,11.417860848563057
2024-10-30 00:00:00-04:00,258.0400085449219,263.3500061035156,255.82000732421875,257.54998779296875,53993600,0.0,0.0,241.28723309912425,234.4163504105261,,59.45047183828269,236.75300140380858,18.41009864872797,273.5731987012645,199.93280410635265,7.529998779296875,11.20928955078125
2024-10-31 00:00:00-04:00,257.989990234375,259.75,249.25,249.85000610351562,66575300,0.0,0.0,242.10273529001867,235.02159181025118,,68.61424017568254,237.2125015258789,18.626165765107718,274.46483305609434,199.96016999566348,10.5,10.217146737234932
2024-11-01 00:00:00-04:00,252.0399932861328,254.0,246.6300048828125,248.97999572753906,57544800,0.0,0.0,242.7577124745444,235.56898019916443,,67.41821531750307,237.15750122070312,18.587754636470756,274.3330104936446,199.98199194776163,7.3699951171875,10.160003662109375
2024-11-04 00:00:00-05:00,244.55999755859375,248.89999389648438,238.8800048828125,242.83999633789062,68802400,0.0,0.0,242.76554903295835,235.8541180869576,,62.739507642257735,237.25800094604492,18.614071236871364,274.48614341978765,200.02985847230218,10.099990844726562,10.371431623186384
2024-11-05 00:00:00-05:00,247.33999633789062,255.27999877929688,246.2100067138672,251.44000244140625,69282500,0.0,0.0,243.59168745281053,236.46532923811245,,65.33563808283016,237.60500106811523,18.819731731738823,275.2444645315929,199.96553760463757,12.44000244140625,10.982145036969866
2024-11-06 00:00:00-05:00,284.6700134277344,289.5899963378906,275.6199951171875,288.5299987792969,165228700,0.0,0.0,247.8715266267616,238.50708098482556,,75.08529448880745,239.9790008544922,22.002671608286622,283.98434407106544,195.97365763791896,38.149993896484375,13.408572605678014
2024-11-07 00:00:00-05:00,288.8900146484375,299.75,285.5199890136719,296.9100036621094,117309200,0.0,0.0,252.5418577729852,240.79739167805238,,76.64498754575315,242.8860008239746,25.411247024677152,293.7084948733289,192.0635067746203,14.230010986328125,14.207144601004464
2024-11-08 00:00:00-05:00,299.1400146484375,328.7099914550781,297.6600036621094,321.2200012207031,204782800,0.0,0.0,259.08263333943455,243.95121950325438,,80.93309224690998,248.05700073242187,30.12344913194957,308.303898996321,187.81010246852273,31.79998779296875,16.123572213309153
2024-11-11 00:00:00-05:00,346.29998779296875,358.6400146484375,336.0,350.0,210521600,0.0,0.0,267.7414301642503,248.1099952090091,,84.1392101350478,254.5990005493164,36.951180447208266,328.50136144373295,180.69663965489985,37.420013427734375,18.540000915527344
2024-11-12 00:00:00-05:00,342.739990234375,345.8399963378906,323.30999755859375,328.489990234375,155726000,0.0,0.0,273.527007313786,251.26215187667052,,77.27013227229108,260.04499969482424,39.45822230958293,338.9614443139901,181.12855507565837,26.69000244140625,19.974286760602677
2024-11-13 00:00:00-05:00,335.8500061035156,344.6000061035156,322.5,330.239990234375,125405600,0.0,0.0,278.9282437824135,254.3593220083452,,71.07806823079387,265.49049911499026,41.30597714322271,348.1024534014357,182.87854482854482,22.100006103515625,18.090715680803573
2024-11-14 00:00:00-05:00,327.69000244140625,329.9800109863281,310.3699951171875,311.17999267578125,120726100,0.0,0.0,281.9998389151152,256.58758360314664,,61.94050678301402,270.0049987792969,41.10845879729121,352.2219163738793,187.78808118471449,19.8699951171875,18.497859409877233
2024-11-15 00:00:00-05:00,310.57000732421875,324.67999267578125,309.2200012207031,320.7200012207031,114440300,0.0,0.0,285.6874734204093,259.10258037246257,,66.28797938283422,275.0059989929199,40.877886515444494,356.7617720238089,193.25022596203092,15.459991455078125,18.795000348772323
2024-11-18 00:00:00-05:00,340.7300109863281,348.54998779296875,330.010009765625,338.739990234375,126547500,0.0,0.0,290.74009406935835,262.22561605332186,,70.44703714678606,281.00049819946287,40.999920539619936,363.00033927870277,199.000657120223,27.829986572265625,20.106426783970424
2024-11-19 00:00:00-05:00,335.760009765625,347.3800048828125,332.75,346.0,88852500,0.0,0.0,296.002942253229,265.51088601201513,,72.22250335829821,287.40199813842776,40.63404319196633,368.6700845223604,206.1339117544951,14.6300048828125,20.613570077078684
2024-11-20 00:00:00-05:00,345.0,346.6000061035156,334.29998779296875,342.0299987792969,66340700,0.0,0.0,300.38647144618784,268.5116355323007,,73.6020019578255,293.82099838256835,38.45172838359858,370.7244551497655,216.9175416153712,12.300018310546875,20.742142813546316
2024-11-21 00:00:00-05:00,343.80999755859375,347.989990234375,335.2799987792969,339.6400146484375,58011700,0.0,0.0,304.1249041321164,271.30098373293356,,73.03354103532588,297.7789985656738,38.91057115195877,375.60014086959137,219.95785626175626,12.709991455078125,21.123571123395646
2024-11-22 00:00:00-05:00,341.0899963378906,361.5299987792969,337.70001220703125,352.55999755859375,89140700,0.0,0.0,308.7377701727333,274.4876117260967,,76.9476393696871,301.9474983215332,40.13314534281203,382.2137890071573,221.68120763590915,23.829986572265625,22.104285103934153
2024-11-25 00:00:00-05:00,360.1400146484375,361.92999267578125,338.20001220703125,338.5899963378906,95890900,0.0,0.0,311.5808393313197,277.00143073048076,,70.85427172374892,305.75149765014646,39.80258302017319,385.35666369049284,226.1463316098001,23.72998046875,22.910712105887278
2024-11-26 00:00:00-05:00,341.0,346.9599914550781,335.6600036621094,338.2300109863281,62295900,0.0,0.0,314.11885567941573,279.4025515248277,,64.42922444015066,309.6869987487793,38.871180466452685,387.4293596816847,231.9446378158739,11.29998779296875,20.992854527064733
2024-11-27 00:00:00-05:00,341.79998779296875,342.54998779296875,326.5899963378906,332.8900146484375,57896400,0.0,0.0,315.90658510503687,281.5000990983026,,60.633650264291525,313.45400009155276,37.16585218163767,387.7857044548281,239.12229572827744,15.959991455078125,21.116424560546875
2024-11-29 00:00:00-05:00,336.0799865722656,345.45001220703125,334.6499938964844,345.1600036621094,37167600,0.0,0.0,318.6926249676152,283.9965659439421,,57.61741425109561,318.2194999694824,34.60325024954071,387.4260004685638,249.01299947040098,12.55999755859375,19.742139543805802
2024-12-02 00:00:00-05:00,352.3800048828125,360.0,351.1499938964844,357.0899963378906,77986500,0.0,0.0,322.34951747906996,286.8629749789989,,52.526908186845354,323.625,31.525037299090826,386.67507459818165,260.57492540181835,14.839996337890625,18.129281180245535
2024-12-03 00:00:00-05:00,351.79998779296875,355.69000244140625,348.20001220703125,351.4200134277344,58267200,0.0,0.0,325.1181361408475,289.39462354561596,,59.21255034667942,329.0540008544922,25.69005183936061,380.43410453321343,277.67389717577095,8.889984130859375,16.85785130092076
2024-12-04 00:00:00-05:00,353.0,358.1000061035156,348.6000061035156,357.92999267578125,50810900,0.0,0.0,328.24307485846026,292.08228508013224,,60.71512417482493,334.3785003662109,18.893720426670406,372.1659412195517,296.5910595128701,9.5,15.957850864955358
2024-12-05 00:00:00-05:00,359.8699951171875,375.42999267578125,359.5,369.489990234375,81403600,0.0,0.0,332.1713525133093,295.1178813606908,,73.95450066320812,338.42649993896487,17.145639881290485,372.71777970154585,304.1352201763839,17.5,15.788565499441964
2024-12-06 00:00:00-05:00,377.4200134277344,389.489990234375,370.79998779296875,389.2200012207031,81455800,0.0,0.0,337.60455715210867,298.80816057088737,,75.9666606202176,343.04199981689453,17.793833791110256,378.629667399115,307.45433223467404,20.0,16.11285182407924
2024-12-09 00:00:00-05:00,397.6099853515625,404.79998779296875,378.010009765625,389.7900085449219,96359200,0.0,0.0,342.5746001419004,302.37607617771226,,72.30233888267456,346.47050018310546,19.854569009900136,386.1796382029057,306.7613621633052,26.78997802734375,16.038565499441965
2024-12-10 00:00:00-05:00,392.67999267578125,409.7300109863281,390.8500061035156,400.989990234375,97563600,0.0,0.0,348.137970626898,306.2432884936598,,73.22410682064236,349.0199996948242,23.305514111580845,395.6310279179859,302.40897147166254,19.94000244140625,16.417851039341517
2024-12-11 00:00:00-05:00,409.70001220703125,424.8800048828125,402.3800048828125,424.7699890136719,104287600,0.0,0.0,355.436258092305,310.89139439640536,,79.93489725372493,353.83399963378906,28.259027860890477,410.35205535557003,297.3159439120081,23.8900146484375,17.24570792061942
2024-12-12 00:00:00-05:00,424.8399963378906,429.29998779296875,415.0,418.1000061035156,87752200,0.0,0.0,361.4042340933727,315.0956536790372,,77.53370740670852,358.2270004272461,31.08591968095939,420.39883978916487,296.0551610653273,14.29998779296875,17.359279087611608
2024-12-13 00:00:00-05:00,420.0,436.29998779296875,415.7099914550781,436.2300109863281,89000200,0.0,0.0,368.5304985593684,319.8460206322643,,78.3262454842987,364.47950134277346,33.599441575677986,431.67838449412943,297.2806181914175,20.589996337890625,17.127851213727677
2024-12-16 00:00:00-05:00,441.0899963378906,463.19000244140625,436.1499938964844,463.0199890136719,114083800,0.0,0.0,377.5294976502545,325.46068605898614,,88.76084970914071,371.59450073242186,38.547575896847825,448.6896525261175,294.4993489387262,27.040008544921875,17.364281790597097
2024-12-17 00:00:00-05:00,475.8999938964844,483.989990234375,457.510009765625,479.8599853515625,131223000,0.0,0.0,387.27525838371236,331.515560541048,,90.01075073216194,378.65050048828124,44.64989549796162,467.9502914842045,289.35070949235796,26.47998046875,18.44856698172433
2024-12-18 00:00:00-05:00,466.5,488.5400085449219,427.010009765625,440.1300048828125,149340800,0.0,0.0,392.30904376457903,335.7749505152348,,75.36665003488056,383.35700073242185,45.968697346586325,475.29439542559453,291.4196060392492,61.529998779296875,21.703567504882812
2024-12-19 00:00:00-05:00,451.8800048828125,456.3599853515625,420.0199890136719,436.1700134277344,118566100,0.0,0.0,396.4862789705938,339.7120118059211,,72.40854414524134,388.0640014648437,46.332594915640705,480.7291912961251,295.39881163356233,36.339996337890625,23.40213884626116
2024-12-20 00:00:00-05:00,425.510009765625,447.0799865722656,417.6400146484375,421.05999755859375,132216200,0.0,0.0,398.8266331218319,342.90212889426124,,65.50788596763405,392.13500061035154,45.421922749453444,482.9788461092584,301.29115511144465,29.439971923828125,24.444994245256698
2024-12-23 00:00:00-05:00,431.0,434.510009765625,415.4100036621094,430.6000061035156,72698100,0.0,0.0,401.852668643897,346.34126133383984,,68.84161848367734,396.03700103759763,45.194744625341556,486.4264902882808,305.6475117869145,19.100006103515625,25.174281529017858
2024-12-24 00:00:00-05:00,435.8999938964844,462.7799987792969,435.1400146484375,462.2799987792969,59551800,0.0,0.0,407.60765246631604,350.8878784885637,,72.17476930228491,402.221501159668,45.38243890530891,492.9863789702858,311.4566233490502,32.17999267578125,26.794281005859375
2024-12-26 00:00:00-05:00,465.1600036621094,465.3299865722656,451.0199890136719,454.1300048828125,76366400,0.0,0.0,412.03835269645856,354.93658932755386,,68.25082696760646,408.01650085449216,44.16457914723697,496.3456591489661,319.68734256001824,14.30999755859375,26.566423688616073
2024-12-27 00:00:00-05:00,449.5199890136719,450.0,426.5,431.6600036621094,82666800,0.0,0.0,413.90708135985386,357.94535067400705,,59.04441530244565,412.95500030517576,40.708813045991235,494.37262639715823,331.5373742131933,27.6300048828125,27.111424037388392
2024-12-30 00:00:00-05:00,419.3999938964844,427.0,415.75,417.4100036621094,64941000,0.0,0.0,414.24069300768775,360.27729785001105,,55.56182103592152,416.56750030517577,37.45145917523583,491.47041865564745,341.6645819547041,15.910003662109375,26.334283011300222
2024-12-31 00:00:00-05:00,423.7900085449219,427.92999267578125,402.5400085449219,403.8399963378906,76825100,0.0,0.0,413.25015046770704,361.9856389671828,,50.56847780843158,418.9050003051758,34.91701579368432,488.73903189254446,349.07096871780715,25.389984130859375,26.723567417689733
2025-01-02 00:00:00-05:00,390.1000061035156,392.7300109863281,373.0400085449219,379.2799987792969,109710700,0.0,0.0,410.0148979259537,362.6638491558932,,40.95446429351641,420.2979995727539,32.55915280780636,485.4163051883666,355.1796939571412,30.79998779296875,27.217136928013392
2025-01-03 00:00:00-05:00,381.4800109863281,411.8800048828125,379.45001220703125,410.44000244140625,95423300,0.0,0.0,410.0553840702825,364.53742379454076,,48.612016300374215,422.92350006103516,29.210143305420775,481.3437866718767,364.5032134501936,32.600006103515625,28.524281093052455
2025-01-06 00:00:00-05:00,423.20001220703125,426.42999267578125,401.70001220703125,411.04998779296875,85516500,0.0,0.0,410.15010823434784,366.36144591212616,,45.12808067638927,425.00149993896486,26.567585728984398,478.13667139693365,371.86632848099606,24.72998046875,28.819994245256698
2025-01-07 00:00:00-05:00,405.8299865722656,414.3299865722656,390.0,394.3599853515625,75699500,0.0,0.0,408.64628700741594,367.45942785092757,,36.17509462084621,425.2584991455078,26.225902635325134,477.71030441615807,372.80669387485756,24.329986572265625,28.626421247209823
2025-01-08 00:00:00-05:00,392.95001220703125,402.5,387.3999938964844,394.94000244140625,73038800,0.0,0.0,407.34092657255786,368.53709744271106,,31.703011332507998,425.51599884033203,25.882358050437205,477.28071494120644,373.7512827394576,15.100006103515625,27.813565935407365
2025-01-10 00:00:00-05:00,391.3999938964844,399.2799987792969,377.2900085449219,394.739990234375,62287300,0.0,0.0,406.1408373974928,369.5646618659136,,38.21222465549839,425.20349884033203,26.229470357379213,477.6624395550905,372.7445581255736,21.989990234375,24.98927961077009
2025-01-13 00:00:00-05:00,383.2099914550781,403.7900085449219,380.07000732421875,403.30999755859375,67580500,0.0,0.0,405.87123360331196,370.88800836366573,,41.66581912835909,424.1304992675781,26.683158590830796,477.4968164492397,370.7641820859165,23.720001220703125,24.08785138811384
2025-01-14 00:00:00-05:00,414.3399963378906,422.6400146484375,394.5400085449219,396.3599853515625,84565000,0.0,0.0,404.9654004364787,371.88690942201464,,43.46491512794998,423.04349822998046,27.375585805342915,477.7946698406663,368.2923266192946,28.100006103515625,23.992139543805802
2025-01-15 00:00:00-05:00,409.8999938964844,429.79998779296875,405.6600036621094,428.2200012207031,81375500,0.0,0.0,407.18012432069054,374.0960502768652,,49.436818662368495,422.6429977416992,27.230725020061172,477.1044477818216,368.18154770157685,33.44000244140625,25.016424996512278
2025-01-16 00:00:00-05:00,423.489990234375,424.0,409.1300048828125,413.82000732421875,68335200,0.0,0.0,407.81249413055036,375.6538525140163,,37.51160216614664,420.18299865722656,25.562356310818274,471.3077112788631,369.05828603559,19.089996337890625,24.081425258091517
2025-01-17 00:00:00-05:00,421.5,439.739990234375,419.75,426.5,94991400,0.0,0.0,409.59225659430746,377.64781908209414,,43.042055379515304,417.51499938964844,21.461648176120654,460.43829574188976,374.5917030374071,25.91998291015625,24.910709926060267
2025-01-21 00:00:00-05:00,432.6400146484375,433.20001220703125,406.30999755859375,424.07000732421875,87320900,0.0,0.0,410.9710899971562,379.46829705237354,,47.87407018511417,416.7119995117188,20.863059756627276,458.43811902497333,374.9858799984642,26.8900146484375,24.857853480747767
2025-01-22 00:00:00-05:00,416.80999755859375,428.0,414.5899963378906,415.1099853515625,60963300,0.0,0.0,411.36527050709964,380.8660103190084,,49.33609932920196,415.6589981079102,20.354559673382422,456.36811745467503,374.9498787611453,13.410003662109375,24.67928205217634
2025-01-23 00:00:00-05:00,416.05999755859375,420.7300109863281,408.95001220703125,412.3800048828125,50690600,0.0,0.0,411.46191187621514,382.1018532430792,,52.6296362492668,415.2249984741211,20.32585568640903,455.87670984693915,374.57328710130304,11.779998779296875,23.707140241350448
2025-01-24 00:00:00-05:00,414.45001220703125,418.8800048828125,405.7799987792969,406.5799865722656,56427100,0.0,0.0,410.9969666091724,383.06178004030215,,59.50423935359366,414.0239974975586,20.077697868891086,454.17939323534074,373.8686017597764,13.100006103515625,22.442855834960938
2025-01-27 00:00:00-05:00,394.79998779296875,406.69000244140625,389.0,397.1499938964844,58125500,0.0,0.0,409.6782073032021,383.6142590150544,,44.548361793278225,410.76749725341796,16.863475860099733,444.4944489736174,377.0405455332185,17.69000244140625,21.377855573381698
2025-01-28 00:00:00-05:00,396.9100036621094,400.5899963378906,386.5,398.0899963378906,48910700,0.0,0.0,408.5745681636486,384.18193498849894,,44.69809161610994,407.9654968261719,13.623793770395935,435.21308436696376,380.71790928538,14.089996337890625,20.61785670689174
2025-01-29 00:00:00-05:00,395.2099914550781,398.5899963378906,384.4800109863281,389.1000061035156,68033600,0.0,0.0,406.71984796744545,384.37480052242114,,47.70346797534398,405.8374969482422,13.039326737677387,431.91615042359695,379.7588434728874,14.1099853515625,19.88785661969866
2025-01-30 00:00:00-05:00,410.7799987792969,412.5,384.4100036621094,400.2799987792969,98092900,0.0,0.0,406.1065289971456,384.9985337873967,,52.133949506004114,404.9809967041016,12.799563756047412,430.5801242161964,379.3818691920068,28.089996337890625,20.81571306501116
2025-01-31 00:00:00-05:00,401.5299987792969,419.989990234375,401.3399963378906,404.6000061035156,83568200,0.0,0.0,405.96305062632365,385.76721897626413,,53.81461400724498,405.0189971923828,12.797125922843557,430.6132490380699,379.4247453466957,19.709991455078125,20.652856009347097
2025-02-03 00:00:00-05:00,386.67999267578125,389.1700134277344,374.3599853515625,383.67999267578125,93732100,0.0,0.0,403.8408546310339,385.6853669644805,,43.0680128682897,405.238996887207,12.361764656334518,429.96252619987604,380.515467574538,30.240020751953125,21.11857169015067
2025-02-04 00:00:00-05:00,382.6300048828125,394.0,381.3999938964844,392.2099914550781,57072200,0.0,0.0,402.73315337618095,385.9412345915628,,48.550676291380285,404.32749633789064,12.627328637149569,429.58215361218976,379.0728390635915,12.600006103515625,20.011428833007812
2025-02-05 00:00:00-05:00,387.510009765625,388.3900146484375,375.5299987792969,378.1700134277344,57223300,0.0,0.0,400.3938067144241,385.63648082043227,,30.035900462279926,402.6834976196289,13.79264969547485,430.2687970105786,375.09819822867917,16.67999267578125,18.814285278320312
2025-02-06 00:00:00-05:00,373.0299987792969,375.3999938964844,363.17999267578125,374.32000732421875,77918200,0.0,0.0,397.91058772488077,385.192697546071,,32.79616541805099,401.6814987182617,15.095543462460977,431.87258564318364,371.4904117933398,14.990020751953125,18.521429879324778
2025-02-07 00:00:00-05:00,370.19000244140625,380.54998779296875,360.3399963378906,361.6199951171875,70298300,0.0,0.0,394.45434080986234,384.2682778429775,,21.747082065754455,400.01549835205077,17.522314150275033,435.06012665260084,364.9708700515007,20.209991455078125,18.113573346819198
2025-02-10 00:00:00-05:00,356.2099914550781,362.70001220703125,350.510009765625,350.7300109863281,77514900,0.0,0.0,390.2901189219067,382.9530516917364,,20.254705927930686,397.81499938964845,20.695769636054546,439.2065386617575,356.4234601175394,12.19000244140625,17.063572474888392
2025-02-11 00:00:00-05:00,345.79998779296875,349.3699951171875,325.1000061035156,328.5,118543400,0.0,0.0,384.4053456912489,380.8176378999036,,18.286344527955265,394.0744995117187,25.78507328762792,445.64464608697455,342.5043529364629,25.6300048828125,17.936429704938615
2025-02-12 00:00:00-05:00,329.94000244140625,346.3999938964844,329.1199951171875,336.510009765625,105382700,0.0,0.0,379.8438851269038,379.0800838554221,,23.253195383482606,391.0820007324219,28.80229901262512,448.68659875767213,333.4774027071716,17.899993896484375,18.373572213309153
2025-02-13 00:00:00-05:00,345.0,358.69000244140625,342.8500061035156,355.94000244140625,89441500,0.0,0.0,377.5673248711421,378.1726296823235,,33.71285638932628,387.468000793457,28.429400267923207,444.3268013293034,330.6092002576106,22.17999267578125,19.022142682756698
2025-02-14 00:00:00-05:00,360.6199951171875,362.0,347.5,355.8399963378906,68277300,0.0,0.0,375.4980554870229,377.29684013940454,,35.86532670284865,384.5690002441406,28.556687414986136,441.6823750741129,327.45562541416837,14.5,18.794285365513392
2025-02-18 00:00:00-05:00,355.010009765625,359.1000061035156,350.0199890136719,354.1099853515625,51631700,0.0,0.0,373.4610964265029,376.38755171635194,,35.032668470330435,380.9494995117187,27.531542353499006,436.0125842187167,325.88641480472074,9.08001708984375,18.436429704938615
2025-02-19 00:00:00-05:00,354.0,367.3399963378906,353.6700134277344,360.55999755859375,67094400,0.0,0.0,372.23242034384486,375.76686331800846,,40.11635907077612,377.7739990234375,25.91119265547613,429.59638433438977,325.95161371248525,13.66998291015625,18.405000959123885
2025-02-20 00:00:00-05:00,361.510009765625,362.29998779296875,348.0,354.3999938964844,45965400,0.0,0.0,370.53409401552483,374.92894687010556,,33.53903931852274,374.7384994506836,24.841064558097628,424.42062856687886,325.05637033448835,14.29998779296875,17.420000348772323
2025-02-21 00:00:00-05:00,353.44000244140625,354.9800109863281,334.4200134277344,337.79998779296875,74058600,0.0,0.0,367.41656008956716,373.47290925923744,,27.974149823875962,371.0094985961914,24.488400093928437,419.9862987840483,322.0326984083345,20.55999755859375,17.48071507045201
2025-02-24 00:00:00-05:00,338.1400146484375,342.3999938964844,324.70001220703125,330.5299987792969,76052300,0.0,0.0,363.9035542504938,371.78887355414173,,30.741363177260027,367.20699920654295,24.57866351388875,416.36432623432046,318.04967217876543,17.699981689453125,16.584997994559153
2025-02-25 00:00:00-05:00,327.0199890136719,328.8900146484375,297.25,302.79998779296875,134228800,0.0,0.0,358.0841669688247,369.08342705370353,,21.559900466005004,362.4894989013672,27.419439231943013,417.32837736525323,307.65062043748117,33.279998779296875,18.062140328543528
2025-02-26 00:00:00-05:00,303.7099914550781,309.0,288.0400085449219,290.79998779296875,100118300,0.0,0.0,351.6761499044575,366.01348825916494,,21.84337908444151,357.12499847412107,30.419108084648386,417.9632146434178,296.2867823048243,20.959991455078125,18.367854527064733
2025-02-27 00:00:00-05:00,291.1600036621094,297.2300109863281,280.8800048828125,281.95001220703125,101748200,0.0,0.0,345.03556536184544,362.71688135515967,,21.161417097768293,351.7674987792969,33.74512985087927,419.2577584810554,284.27723907753835,16.350006103515625,18.464996337890625
2025-02-28 00:00:00-05:00,279.5,293.8800048828125,273.6000061035156,292.9800109863281,115697000,0.0,0.0,340.07789351655805,359.9821021250094,,28.344277078331075,346.4024993896484,34.153510785200424,414.7095209600493,278.09547781924755,20.279998779296875,18.469996861049108
2025-03-03 00:00:00-05:00,300.3399963378906,303.94000244140625,277.29998779296875,284.6499938964844,115551400,0.0,0.0,334.7990459336939,357.02790180232216,,28.809646464369692,340.4049987792969,33.927015749516215,408.2590302783293,272.55096728026444,26.6400146484375,19.502140590122767
2025-03-04 00:00:00-05:00,270.92999267578125,284.3500061035156,261.8399963378906,272.0400085449219,126706600,0.0,0.0,328.8219947538108,353.69504324320843,,30.704038144673333,334.82299957275393,35.576217696257785,405.9754349652695,263.67056418023833,22.80999755859375,19.300711495535715
2025-03-05 00:00:00-05:00,272.9200134277344,279.54998779296875,267.7099914550781,279.1000061035156,94042900,0.0,0.0,324.0865672633065,350.7697476691028,,30.25111756059266,329.1675003051758,34.95844884733142,399.08439799983864,259.25060261051294,11.839996337890625,18.867854527064733
2025-03-06 00:00:00-05:00,272.05999755859375,272.6499938964844,260.0199890136719,263.45001220703125,98451600,0.0,0.0,318.31165725794693,347.345444317649,,17.334186109577004,323.43150024414064,35.89405300839327,395.2196062609272,251.6433942273541,19.08001708984375,18.646427699497767
2025-03-07 00:00:00-05:00,259.32000732421875,266.25,250.72999572753906,262.6700134277344,102369600,0.0,0.0,313.01245308364093,344.0248391847112,,17.25132410890818,317.84900054931643,36.243554676706204,390.3361099027288,245.36189119590404,15.520004272460938,18.71928514753069
2025-03-10 00:00:00-04:00,252.5399932861328,253.3699951171875,220.0,222.14999389648438,189076900,0.0,0.0,304.358885542007,339.24543348713365,,13.555019546319073,310.87550048828126,40.54115238885925,391.95780526599975,229.79319571056277,42.670013427734375,21.118570600237167
2025-03-11 00:00:00-04:00,225.30999755859375,237.05999755859375,217.02000427246094,230.5800018310547,174896400,0.0,0.0,297.33232518858296,334.98404401042467,,14.490221644285796,304.8680000305176,43.14315190270066,391.1543038359189,218.58169622511627,20.039993286132812,21.573571341378347
2025-03-12 00:00:00-04:00,247.22000122070312,251.83999633789062,241.10000610351562,248.08999633789062,142215700,0.0,0.0,292.64257958375515,331.57643429777625,,22.65267267859464,300.8474998474121,44.54877954037743,389.945058928167,211.74994076665723,21.259994506835938,22.070714678083146
2025-03-13 00:00:00-04:00,248.1300048828125,248.2899932861328,232.60000610351562,240.67999267578125,114813500,0.0,0.0,287.6937617829957,328.0118679596588,,23.77686603346288,296.0559989929199,45.651094475272856,387.3581879434656,204.7538100423742,15.689987182617188,21.722856794084823
2025-03-14 00:00:00-04:00,247.30999755859375,251.5800018310547,240.72999572753906,249.97999572753906,100242300,0.0,0.0,284.1019745396188,324.9517945387913,,28.486726092886983,290.75799865722655,44.468767375344974,379.6955334079165,201.8204639065366,10.900009155273438,21.237144470214844
2025-03-17 00:00:00-04:00,245.05999755859375,245.39999389648438,232.8000030517578,238.00999450683594,111900600,0.0,0.0,279.7122621555443,321.542312184597,,31.105280128499558,284.86649856567385,43.17921296845989,371.22492450259364,198.50807262875406,17.17999267578125,20.08714403424944
2025-03-18 00:00:00-04:00,228.16000366210938,230.10000610351562,222.27999877929688,225.30999755859375,111477600,0.0,0.0,274.5310940986919,317.7684959247537,,30.978799722248368,278.4264991760254,41.89415781786914,362.2148148117637,194.63818354028712,15.729995727539062,19.713572910853795
2025-03-19 00:00:00-04:00,231.61000061035156,241.41000366210938,229.1999969482422,235.86000061035156,111993800,0.0,0.0,270.84813281408805,314.55639806928696,,36.7443181095078,272.1914993286133,38.13810051554298,348.4677003596993,195.91529829752733,16.100006103515625,19.695715767996653
2025-03-20 00:00:00-04:00,233.35000610351562,238.0,230.0500030517578,236.25999450683594,99028300,0.0,0.0,267.5540244038736,311.48595087075944,,32.62467505429434,266.28449935913085,33.61606993106276,333.51663922125636,199.05235949700534,7.9499969482421875,18.815001351492747
2025-03-21 00:00:00-04:00,234.99000549316406,249.52000427246094,234.5500030517578,248.7100067138672,132728700,0.0,0.0,265.7593560524444,309.0241491391166,,39.26138858253482,261.83000030517576,29.26135358955492,320.3527074842856,203.30729312606593,14.970001220703125,17.981428963797434
2025-03-24 00:00:00-04:00,258.0799865722656,278.6400146484375,256.3299865722656,278.3900146484375,169079900,0.0,0.0,266.96227591872946,307.822810531639,,51.72170840154182,259.22300109863284,24.80123601696271,308.8254731325583,209.6205290647074,29.930007934570312,18.490001133510045
2025-03-25 00:00:00-04:00,283.6000061035156,288.20001220703125,271.2799987792969,288.1400146484375,150361500,0.0,0.0,268.9792034167969,307.05093618327817,,52.41582222755768,258.49000244140626,23.634741393554773,305.7594852285158,211.2205196542967,16.920013427734375,18.852859497070312
2025-03-26 00:00:00-04:00,282.6600036621094,284.8999938964844,266.510009765625,272.05999755859375,153629800,0.0,0.0,269.2726123826823,305.67874251172196,,52.295628060930994,257.5530029296875,22.636799646438654,302.8266022225648,212.27940363681023,21.6300048828125,19.035001482282365
2025-03-27 00:00:00-04:00,272.4800109863281,291.8500061035156,271.82000732421875,273.1300048828125,162572100,0.0,0.0,269.6399830969804,304.4023214282353,,52.78457769354657,257.11200256347655,22.218542005479634,301.5490865744358,212.67491855251728,20.029998779296875,19.35714394705636
2025-03-28 00:00:00-04:00,275.5799865722656,276.1000061035156,260.57000732421875,263.54998779296875,123809400,0.0,0.0,269.0599835442174,302.8002691288131,,63.194791082677156,255.6405014038086,20.636242875698237,296.9129871552051,214.3680156524121,15.529998779296875,17.41857147216797
2025-03-31 00:00:00-04:00,249.30999755859375,260.55999755859375,243.36000061035156,259.1600036621094,134008900,0.0,0.0,268.11712831734997,301.08888616933456,,59.349644712113225,254.36600189208986,19.506524066291604,293.37905002467306,215.35295375950665,20.189987182617188,17.429285321916854
2025-04-01 00:00:00-04:00,263.79998779296875,277.45001220703125,259.25,268.4599914550781,146486900,0.0,0.0,268.14978194951453,299.80932167073627,,57.04210403489001,254.18700103759767,19.351614030803397,292.8902290992045,215.48377297599086,18.290008544921875,17.21714346749442
2025-04-02 00:00:00-04:00,254.60000610351562,284.989990234375,251.27000427246094,282.760009765625,212787800,0.0,0.0,269.5412322177155,299.1407212038692,,63.88595670219329,254.37000122070313,19.61511711781139,293.6002354563259,215.13976698508034,33.71998596191406,18.505000523158483
2025-04-03 00:00:00-04:00,265.2900085449219,276.29998779296875,261.510009765625,267.2799987792969,136174300,0.0,0.0,269.3258766521518,297.8912811087879,,55.48509723870204,254.5615005493164,19.72680726022275,294.0151150697619,215.1078860288709,21.25,19.244285583496094
2025-04-04 00:00:00-04:00,255.3800048828125,261.0,236.0,239.42999267578125,181229400,0.0,0.0,266.47864960678316,295.5986815623955,,50.40903262318778,253.39949951171874,19.907683243249238,293.2148659982172,213.58413302522027,31.279998779296875,20.251428876604354
2025-04-07 00:00:00-04:00,223.77999877929688,252.0,214.25,233.2899932861328,183453800,0.0,0.0,263.31782519529264,293.1552035907774,,52.388933243691866,253.95649948120118,19.12790308241867,292.21230564603854,215.70069331636384,37.75,21.824286324637278
2025-04-08 00:00:00-04:00,245.0,250.44000244140625,217.8000030517578,221.86000061035156,171603500,0.0,0.0,259.3694609491078,290.35931327781947,,45.83085306145372,253.520499420166,19.777152589730672,293.0748045996273,213.96619424070465,32.63999938964844,23.005714416503906
2025-04-09 00:00:00-04:00,224.69000244140625,274.69000244140625,223.8800048828125,272.20001220703125,219433400,0.0,0.0,260.5914182117672,289.64718382406306,,58.24917501770583,254.72600021362305,20.159820275880016,295.0456407653831,214.406359661863,52.83000183105469,26.211429050990514
2025-04-10 00:00:00-04:00,260.0,262.489990234375,239.3300018310547,252.39999389648438,181722600,0.0,0.0,259.8112825626926,288.18650970925603,,50.81930500742747,255.3120002746582,19.898691802760187,295.1093838801786,215.51461666913784,32.87001037597656,27.490001133510045
2025-04-11 00:00:00-04:00,251.83999633789062,257.739990234375,241.36000061035156,252.30999755859375,128948100,0.0,0.0,259.09687446706414,286.779587664132,290.32049995422364,43.33333125306288,255.42850036621093,19.87263534579728,295.1737710578055,215.68322967461637,16.379989624023438,26.522142682756698
2025-04-14 00:00:00-04:00,258.3599853515625,261.79998779296875,245.92999267578125,252.35000610351562,100135200,0.0,0.0,258.45431557529764,285.42940799508824,290.6004000091553,40.37334069252826,256.14550094604493,19.465627006106402,295.07675495825777,217.21424693383213,15.8699951171875,26.44714137486049
2025-04-15 00:00:00-04:00,249.91000366210938,258.75,247.5399932861328,254.11000061035156,79594300,0.0,0.0,258.0405712929218,284.2011959407849,290.8838500213623,44.76890150004247,257.5855010986328,18.080441662843654,293.7463844243201,221.42461777294548,11.210006713867188,25.702855791364396
2025-04-16 00:00:00-04:00,247.61000061035156,251.97000122070312,233.88999938964844,241.5500030517578,112378700,0.0,0.0,256.4700409842395,282.52860014121524,291.10220001220705,41.3744143026149,257.8700012207031,17.762565698240994,293.3951326171851,222.34486982422112,20.220001220703125,25.716427394321986
2025-04-17 00:00:00-04:00,243.47000122070312,244.33999633789062,237.67999267578125,241.3699951171875,83404800,0.0,0.0,255.0319413778536,280.9145371990965,291.25974998474123,43.613961675018615,258.1255012512207,17.46970049065856,293.06490223253786,223.1861002699036,6.660003662109375,25.08285631452288
2025-04-21 00:00:00-04:00,230.25999450683594,232.2100067138672,222.7899932861328,227.5,97768000,0.0,0.0,252.40985172281992,278.81984946579865,291.240950012207,41.356340544360535,257.0650009155273,18.67364430321723,294.4122895219618,219.71771230909286,18.580001831054688,24.967857360839844
2025-04-22 00:00:00-04:00,230.9600067138672,242.7899932861328,229.85000610351562,237.97000122070312,120858500,0.0,0.0,251.03462786547547,277.21789463265765,291.1988500213623,41.7286146868468,255.04400024414062,18.429908141616583,291.9038165273738,218.18418396090746,15.289993286132812,24.753570556640625
2025-04-23 00:00:00-04:00,254.86000061035156,259.45001220703125,244.42999267578125,250.74000549316406,150381900,0.0,0.0,251.00656859192202,276.179546038952,291.19495002746584,41.24083694412561,253.17399978637695,16.712442473524348,286.5988847334256,219.74911483932826,21.480010986328125,23.87928662981306
2025-04-24 00:00:00-04:00,250.5,259.5400085449219,249.1999969482422,259.510009765625,94464200,0.0,0.0,251.8164201322747,275.52583873411567,291.2278000640869,47.793494819188545,252.5465003967285,16.193562619807842,284.9336256363442,220.15937515711283,10.340011596679688,23.100001743861608
2025-04-25 00:00:00-04:00,261.69000244140625,286.8500061035156,259.6300048828125,284.95001220703125,167560700,0.0,0.0,254.97200032987055,275.8954141644261,291.34090019226073,63.10607237476127,253.13750076293945,17.170536619401087,287.4785740017416,218.79642752413727,27.339996337890625,22.818572998046875
2025-04-28 00:00:00-04:00,288.9800109863281,294.8599853515625,272.4200134277344,285.8800048828125,151731800,0.0,0.0,257.9156198111031,276.28696674161773,291.4540001678467,65.60997418280343,254.25400161743164,18.55353482407261,291.36107126557687,217.1469319692864,22.439971923828125,21.724999564034597
2025-04-29 00:00:00-04:00,285.5,293.32000732421875,279.4700012207031,292.0299987792969,108906600,0.0,0.0,261.16460828426443,276.90434054701694,291.7090001678467,71.50211001793518,255.89750137329102,20.377199218029666,296.65189980935037,215.14310293723167,13.850006103515625,20.382857186453684
2025-04-30 00:00:00-04:00,279.8999938964844,284.45001220703125,270.7799987792969,282.1600036621094,128961100,0.0,0.0,263.1641697488211,277.1104449829029,291.8786502075195,54.05867582077851,256.5825019836426,21.041179004571088,298.6648599927848,214.50014397450042,21.25,18.127142769949778
2025-05-01 00:00:00-04:00,280.010009765625,290.8699951171875,279.80999755859375,280.5199890136719,99659000,0.0,0.0,264.81710491690217,277.2441525919527,292.0180501556396,63.44939392515166,256.4705009460449,20.89999188004661,298.2704847061381,214.6705171859517,11.05999755859375,16.56928471156529
2025-05-02 00:00:00-04:00,284.8999938964844,294.7799987792969,279.80999755859375,287.2099914550781,114454700,0.0,0.0,266.9497607776808,277.6349698022713,292.17130012512206,65.7009129461074,257.467000579834,21.893996237949157,301.2549930557323,213.6790081039357,14.970001220703125,16.468571254185267
2025-05-05 00:00:00-04:00,284.57000732421875,284.8500061035156,274.3999938964844,280.260009765625,94618900,0.0,0.0,268.2174035384374,277.7379125459322,292.3301001739502,61.82126495051266,259.50850143432615,22.02681076004059,303.5621229544073,215.45487991424497,12.80999755859375,16.25
2025-05-06 00:00:00-04:00,273.1099853515625,277.7300109863281,271.3500061035156,275.3500061035156,76715800,0.0,0.0,268.8966990208258,277.64426915603354,292.46070022583007,58.76237872441305,261.6115020751953,21.390502466566197,304.3925070083277,218.83049714206288,8.910003662109375,16.085714067731583
2025-05-07 00:00:00-04:00,276.8800048828125,277.9200134277344,271.0,276.2200012207031,71592600,0.0,0.0,269.59415637319506,277.5884155115108,292.64580024719237,65.8296045603313,264.3295021057129,19.43815322466872,303.20580855505034,225.45319565637544,6.920013427734375,15.135714939662389
2025-05-08 00:00:00-04:00,279.6300048828125,289.79998779296875,279.4100036621094,284.82000732421875,97539400,0.0,0.0,271.0442374161497,277.8720073473032,292.8123503112793,68.42195154140563,264.96050186157225,19.90628950587841,304.7730808733291,225.14792284981544,13.579986572265625,15.629999433244977
2025-05-09 00:00:00-04:00,290.2099914550781,307.0400085449219,290.0,298.260009765625,132387800,0.0,0.0,273.63621573514735,278.6715368539041,293.07175033569337,80.11064245345744,267.2535026550293,20.994837322141088,309.24317729931147,225.26382801074715,22.220001220703125,15.889999389648438
2025-05-12 00:00:00-04:00,321.989990234375,322.2099914550781,311.5,318.3800048828125,112826700,0.0,0.0,277.8975289873059,280.2287316785672,293.5837003326416,81.62013665827344,270.55700302124023,23.560928050671446,317.6788591225831,223.43514691989733,23.949981689453125,16.508569989885604
2025-05-13 00:00:00-04:00,320.0,337.5899963378906,316.79998779296875,334.07000732421875,136992600,0.0,0.0,283.2472888289167,282.3401542529065,294.1528003692627,82.0327542532396,274.6430030822754,27.063014507492237,328.76903209725987,220.51697406729093,20.790008544921875,16.45928410121373
2025-05-14 00:00:00-04:00,342.5,350.0,337.0,347.67999267578125,136997300,0.0,0.0,289.38373681433234,284.9025008577251,294.7922003173828,82.67734062021431,279.3215026855469,31.111648536094208,341.5447997577353,217.09820561335846,15.92999267578125,16.858568464006698
2025-05-15 00:00:00-04:00,340.3399963378906,346.1400146484375,334.7200012207031,342.82000732421875,97882600,0.0,0.0,294.47290543432155,287.17377562111704,295.34580032348634,75.30832561918703,284.38500289916993,32.83399396688431,350.0529908329386,218.71701496540132,12.959991455078125,15.831425258091517
2025-05-16 00:00:00-04:00,346.239990234375,351.6199951171875,342.3299865722656,349.9800109863281,95895700,0.0,0.0,299.7592964392745,289.63676524328224,295.982600402832,76.58428318983707,289.815503692627,34.29436001708407,358.4042237267951,221.22678365845883,9.290008544921875,14.892142159598214
2025-05-19 00:00:00-04:00,336.29998779296875,343.0,333.3699951171875,342.0899963378906,88869900,0.0,0.0,303.7907916677142,291.69375469797274,296.5327003479004,70.46606809288325,295.5450035095215,32.878417707848975,361.30183892521944,229.78816809382357,16.610015869140625,15.089285714285714
2025-05-20 00:00:00-04:00,347.8699951171875,354.989990234375,341.6300048828125,343.82000732421875,131715500,0.0,0.0,307.6030979207146,293.7379214676294,297.1675003814697,77.00595728982744,300.83750381469724,31.6179500846975,364.07340398409224,237.60160364530225,13.3599853515625,14.525713239397321
2025-05-21 00:00:00-04:00,344.42999267578125,347.3500061035156,332.20001220703125,334.6199951171875,102354800,0.0,0.0,310.1761357489502,295.3411400421219,297.80225036621096,72.22313734840559,305.03150329589846,30.15216264493925,365.33582858577694,244.72717800601995,15.149993896484375,14.817855834960938
2025-05-22 00:00:00-04:00,331.8999938964844,347.2699890136719,331.3900146484375,341.0400085449219,97113400,0.0,0.0,313.1155522057094,297.1332525324278,298.5130503845215,72.16138809359762,309.1080032348633,29.169156721626308,367.4463166781159,250.7696897916107,15.879974365234375,14.88285391671317
2025-05-23 00:00:00-04:00,337.9200134277344,343.17999267578125,333.2099914550781,339.3399963378906,84654800,0.0,0.0,315.6131183135362,298.7884189561714,299.2065503692627,75.4216716220507,311.82750244140624,29.333298602314233,370.4940996460347,253.16090523677778,9.970001220703125,14.679997035435267
2025-05-27 00:00:00-04:00,347.3500061035156,363.7900085449219,347.32000732421875,362.8900146484375,120146400,0.0,0.0,320.1156798692411,301.3022070225348,300.0622004699707,82.4606835128877,315.6780029296875,30.76736666125412,377.2127362521958,254.1432696071793,24.45001220703125,15.78999764578683
2025-05-28 00:00:00-04:00,364.8399963378906,365.0,355.9100036621094,356.8999938964844,91404300,0.0,0.0,323.6189478718357,303.4825123901407,300.85250045776365,78.82250100954775,318.9215026855469,31.55246658115034,382.02643584784755,255.81656952324622,9.089996337890625,15.944996425083705
2025-05-29 00:00:00-04:00,365.2900085449219,367.7099914550781,356.0,358.42999267578125,88545700,0.0,0.0,326.93428547221146,305.6373155385972,301.64465042114256,77.69581737872778,322.7350021362305,31.484551106675646,385.70410434958177,259.7658999228792,11.709991455078125,15.811425345284599
2025-05-30 00:00:00-04:00,355.5199890136719,363.67999267578125,345.2900085449219,346.4599914550781,123474900,0.0,0.0,328.7938765181988,307.2382047902239,302.3895003509522,68.33813513135067,326.0320022583008,30.259949036840535,386.55190033198187,265.5121041846197,18.389984130859375,15.537852696010045
2025-06-02 00:00:00-04:00,343.5,348.0199890136719,333.3299865722656,342.69000244140625,81873800,0.0,0.0,330.1173170823138,308.62847136478007,303.0638003540039,60.56312814670069,328.8060028076172,29.031801678118242,386.86960616385363,270.7423994513807,14.69000244140625,14.876425606863839
2025-06-03 00:00:00-04:00,346.6000061035156,355.3999938964844,343.0400085449219,344.2699890136719,99324500,0.0,0.0,331.465190599586,310.02617793924645,303.7782502746582,55.05149385220444,332.00650177001955,26.844211589774726,385.694924949569,278.3180785904701,12.709991455078125,14.299281529017858
2025-06-04 00:00:00-04:00,345.1000061035156,345.6000061035156,327.3299865722656,332.04998779296875,98912100,0.0,0.0,331.52088557038434,310.8898567570395,304.3678002166748,42.151253313194665,334.8415008544922,23.306788276223774,381.4550774069398,288.22792430204464,18.27001953125,14.466426304408483
2025-06-05 00:00:00-04:00,322.489990234375,324.54998779296875,273.2099914550781,284.70001220703125,287499800,0.0,0.0,327.0617547738745,309.86280402958823,304.710700302124,29.54386486514356,335.26550140380857,22.23678123060083,379.7390638650102,290.7919389426069,58.839996337890625,17.74356951032366
2025-06-06 00:00:00-04:00,298.8299865722656,305.5,291.1400146484375,295.1400146484375,164747700,0.0,0.0,324.0215890476424,309.2854397401314,305.0728003692627,31.13390164793597,335.78150177001953,21.09501816632912,377.97153810267775,293.5914654373613,20.79998779296875,18.565710885184153
2025-06-09 00:00:00-04:00,285.9599914550781,309.8299865722656,281.8500061035156,308.5799865722656,140908900,0.0,0.0,322.55096024046367,309.257774910019,305.51020027160644,38.89588226109567,336.29750061035156,20.237707130464567,376.7729148712807,295.8220863494224,27.97998046875,19.377851213727677
2025-06-10 00:00:00-04:00,314.94000244140625,327.8299865722656,310.6700134277344,326.0899963378906,151256500,0.0,0.0,322.8880112973615,309.9178620248375,306.0243002319336,44.68110351055573,336.6830001831055,19.94982561589097,376.58265141488744,296.78334895132355,19.25,19.798566545758927
2025-06-11 00:00:00-04:00,334.3999938964844,335.5,322.5,326.42999267578125,122611400,0.0,0.0,323.225342857211,310.56539656016867,306.60315017700196,47.40510659397059,336.3009994506836,20.075244299566105,376.4514880498158,296.1505108515514,13.0,19.644995553152903
2025-06-12 00:00:00-04:00,323.0799865722656,332.55999755859375,316.8599853515625,319.1099853515625,105127500,0.0,0.0,322.8334040471492,310.9004784735567,307.0971000671387,43.09116490011074,334.8724990844727,20.238746649710293,375.34999238389327,294.3950057850521,15.70001220703125,19.63214111328125
2025-06-13 00:00:00-04:00,313.9700012207031,332.989990234375,313.29998779296875,325.30999755859375,128964300,0.0,0.0,323.0692700958582,311.46555765336205,307.6576000213623,45.70185665282677,333.9969985961914,20.25557620324524,374.50815100268187,293.48584618970096,19.69000244140625,20.326426914760045
2025-06-16 00:00:00-04:00,331.2900085449219,332.04998779296875,326.4100036621094,329.1300048828125,83925900,0.0,0.0,323.64648293271097,312.15828107412483,308.257200012207,38.23528911304182,332.9544982910156,19.92350342289623,372.8015051368081,293.10749144522316,6.739990234375,19.061425345284597
2025-06-17 00:00:00-04:00,326.0899963378906,327.260009765625,314.739990234375,316.3500061035156,88282700,0.0,0.0,322.9515803775495,312.3226624478265,308.8102000427246,36.507619953184836,331.66749877929686,20.132584566970298,371.9326679132375,291.40232964535625,14.3900146484375,19.439998081752233
2025-06-18 00:00:00-04:00,317.30999755859375,329.32000732421875,315.45001220703125,322.04998779296875,95137700,0.0,0.0,322.8657144171132,312.7041261868517,309.389049987793,38.221957172621586,330.57899780273436,20.029208450208536,370.6374147031514,290.5205809023173,13.8699951171875,19.594284057617188
2025-06-20 00:00:00-04:00,327.95001220703125,332.3599853515625,317.7799987792969,322.1600036621094,108688000,0.0,0.0,322.7985038690176,313.07494491137163,309.92930000305176,41.47846988266417,329.9559982299805,20.090586779028243,370.137171788037,289.77482467192397,14.579986572265625,19.32214137486049
2025-06-23 00:00:00-04:00,327.5400085449219,357.5400085449219,327.4800109863281,348.67999267578125,190716800,0.0,0.0,325.2634075648999,314.47122129428965,310.6196999359131,51.81152598637165,330.33799743652344,20.382934142453436,371.10386572143034,289.57212915161654,35.3800048828125,20.799998692103795
2025-06-24 00:00:00-04:00,356.1700134277344,356.260009765625,340.44000244140625,340.4700012207031,114736200,0.0,0.0,326.7116545797383,315.4907812914039,311.22499992370604,48.895095180223414,330.3944976806641,20.41074762261416,371.2159929258924,289.57300243543574,15.82000732421875,21.022142682756698
2025-06-25 00:00:00-04:00,342.70001220703125,343.0,320.3999938964844,327.54998779296875,119446200,0.0,0.0,326.7914958381412,315.9636913502888,311.7118998718262,48.69686067996979,328.62749633789065,18.925144079765833,366.4777844974223,290.777208178359,22.600006103515625,21.331427437918528
